;;;;;;;;;AG15;10009
;;;;;;;;;AG15;10010
;;;;;;;;;AG15;10011
;;;;;;;;;AG15;10012
;;;;;;;;;AG15;10013
;;;;;;;;;AG95L;10014
;;;;;;;;;AG95L;10015
;;;;;;;;;COIL;50001
;;;;;;;;;COIL;50002
;;;;;;;;;COIL;50003
;;;;;;;;;COIL;50004
;;;;;;;;;COIL;50005
;;;;;;;;;COIL;50006
;;;;;;;;;COIL;50007
;;;;;;;;;COIL;50008
;;;;;;;;;COIL;50009
;;;;;;;;;COIL;50010
;;;;;;;;;COIL;50011
;;;;;;;;;COIL;50012
;;;;;;;;;D100;10001
;;;;;;;;;D100;10002
;;;;;;;;;D100;10003
;;;;;;;;;D100;10004
;;;;;;;;;D100;10005
;;;;;;;;;D75;10006
;;;;;;;;;D75;10007
;;;;;;;;;D75;10008
;;;;;;;;;ML38;30076
;;;;;;;;;ML38;30077
;;;;;;;;;ML38;30078
;;;;;;;;;ML39;30079
;;;;;;;;;ML39;30080
;;;;;;;;;ML39;30081
;;;;;;;;;ML39;30082
;;;;;;;;;ML39;30083
;;;;;;;;;OMNINT;30092
;;;;;;;;;OMNINT;30093
;;;;;;;;;OMNINT;30094
;;;;;;;;;OMNINT;30095
;;;;;;;;;OMNINT;30096
;;;;;;;;;OMNINT;30097
;;;;;;;;;PASAA;30029
;;;;;;;;;PASAA;30030
;;;;;;;;;PASAA;30031
;;;;;;;;;PASAA;30032
;;;;;;;;;PASAA;30033
;;;;;;;;;TITUS II ;50013
;;;;;;;;;TITUS II MOUNT BRKT;50014
;;;;;;;;;TMQ;30141
;;;;;;;;;TMQ;30142
;;;;;;;;;TMQ;30143
;;;;;;;;;TMQ;30144
;;;;;;;;;TMQ;30145
;;;;;;;;;TMQ;30147
;;;;;;;;;TMQ;30148
;;;;;;;;;TMQ;30182
1;Diffusers;1000;Architectural Ceiling Diffusers;1101;OMNI;1;All-aluminum plaque face diffuser.;98B227C7-022B-45DE-A0A2-2F5C0DCE1468;OMNI-AA;30098
1;Diffusers;1000;Architectural Ceiling Diffusers;1101;OMNI;1;All-aluminum plaque face diffuser.;98B227C7-022B-45DE-A0A2-2F5C0DCE1468;OMNI-AA;30099
1;Diffusers;1000;Architectural Ceiling Diffusers;1101;OMNI;1;All-aluminum plaque face diffuser.;98B227C7-022B-45DE-A0A2-2F5C0DCE1468;OMNI-AA;30100
1;Diffusers;1000;Architectural Ceiling Diffusers;1101;OMNI;1;All-aluminum plaque face diffuser.;98B227C7-022B-45DE-A0A2-2F5C0DCE1468;OMNI-AA;30101
1;Diffusers;1000;Architectural Ceiling Diffusers;1101;OMNI;2;Steel plaque face diffuser.;910C6895-A005-40DE-8816-BA4F4AA0B008;OMNI;30084
1;Diffusers;1000;Architectural Ceiling Diffusers;1101;OMNI;2;Steel plaque face diffuser.;910C6895-A005-40DE-8816-BA4F4AA0B008;OMNI;30085
1;Diffusers;1000;Architectural Ceiling Diffusers;1101;OMNI;2;Steel plaque face diffuser.;910C6895-A005-40DE-8816-BA4F4AA0B008;OMNI;30086
1;Diffusers;1000;Architectural Ceiling Diffusers;1101;OMNI;2;Steel plaque face diffuser.;910C6895-A005-40DE-8816-BA4F4AA0B008;OMNI;30087
1;Diffusers;1000;Architectural Ceiling Diffusers;1101;OMNI;2;Steel plaque face diffuser.;910C6895-A005-40DE-8816-BA4F4AA0B008;OMNI;30088
1;Diffusers;1000;Architectural Ceiling Diffusers;1101;OMNI;2;Steel plaque face diffuser.;910C6895-A005-40DE-8816-BA4F4AA0B008;OMNI;30089
1;Diffusers;1000;Architectural Ceiling Diffusers;1101;OMNI;2;Steel plaque face diffuser.;910C6895-A005-40DE-8816-BA4F4AA0B008;OMNI;30090
1;Diffusers;1000;Architectural Ceiling Diffusers;1101;OMNI;2;Steel plaque face diffuser.;910C6895-A005-40DE-8816-BA4F4AA0B008;OMNI;30091
1;Diffusers;1001;Grille & Diffuser Accessories;1102;Mounting Frames;3;Aluminum rapid mount frame/plaster frame.;81B6BFB7-E1C2-428D-864B-CAF6B9446179;TRM;10016
1;Diffusers;1001;Grille & Diffuser Accessories;1102;Mounting Frames;3;Aluminum rapid mount frame/plaster frame.;81B6BFB7-E1C2-428D-864B-CAF6B9446179;TRM;10017
1;Diffusers;1001;Grille & Diffuser Accessories;1102;Mounting Frames;3;Aluminum rapid mount frame/plaster frame.;81B6BFB7-E1C2-428D-864B-CAF6B9446179;TRM;10018
1;Diffusers;1001;Grille & Diffuser Accessories;1102;Mounting Frames;3;Aluminum rapid mount frame/plaster frame.;81B6BFB7-E1C2-428D-864B-CAF6B9446179;TRM;10019
1;Diffusers;1001;Grille & Diffuser Accessories;1102;Mounting Frames;3;Aluminum rapid mount frame/plaster frame.;C784599C-D28A-4678-8372-EF0842A38DB1;TRM;10016
1;Diffusers;1001;Grille & Diffuser Accessories;1102;Mounting Frames;3;Aluminum rapid mount frame/plaster frame.;C784599C-D28A-4678-8372-EF0842A38DB1;TRM;10017
1;Diffusers;1001;Grille & Diffuser Accessories;1102;Mounting Frames;3;Aluminum rapid mount frame/plaster frame.;C784599C-D28A-4678-8372-EF0842A38DB1;TRM;10018
1;Diffusers;1001;Grille & Diffuser Accessories;1102;Mounting Frames;3;Aluminum rapid mount frame/plaster frame.;C784599C-D28A-4678-8372-EF0842A38DB1;TRM;10019
1;Diffusers;1002;Perforated Ceiling Diffusers;1103;PAR - Return;4;Steel perforated return diffuser.;C07A715C-9AFC-4104-95D9-C62E98F56705;PAR;30001
1;Diffusers;1002;Perforated Ceiling Diffusers;1103;PAR - Return;4;Steel perforated return diffuser.;C07A715C-9AFC-4104-95D9-C62E98F56705;PAR;30002
1;Diffusers;1002;Perforated Ceiling Diffusers;1103;PAR - Return;4;Steel perforated return diffuser.;C07A715C-9AFC-4104-95D9-C62E98F56705;PAR;30003
1;Diffusers;1002;Perforated Ceiling Diffusers;1103;PAR - Return;4;Steel perforated return diffuser.;C07A715C-9AFC-4104-95D9-C62E98F56705;PAR;30004
1;Diffusers;1002;Perforated Ceiling Diffusers;1103;PAR - Return;4;Steel perforated return diffuser.;C07A715C-9AFC-4104-95D9-C62E98F56705;PAR;30005
1;Diffusers;1002;Perforated Ceiling Diffusers;1103;PAR - Return;4;Steel perforated return diffuser.;C07A715C-9AFC-4104-95D9-C62E98F56705;PAR;30006
1;Diffusers;1002;Perforated Ceiling Diffusers;1103;PAR - Return;4;Steel perforated return diffuser.;C07A715C-9AFC-4104-95D9-C62E98F56705;PAR;30007
1;Diffusers;1002;Perforated Ceiling Diffusers;1103;PAR - Return;4;Steel perforated return diffuser.;C07A715C-9AFC-4104-95D9-C62E98F56705;PAR;30008
1;Diffusers;1002;Perforated Ceiling Diffusers;1103;PAR - Return;4;Steel perforated return diffuser.;C07A715C-9AFC-4104-95D9-C62E98F56705;PAR;30009
1;Diffusers;1002;Perforated Ceiling Diffusers;1103;PAR - Return;4;Steel perforated return diffuser.;C07A715C-9AFC-4104-95D9-C62E98F56705;PAR;30010
1;Diffusers;1002;Perforated Ceiling Diffusers;1103;PAR - Return;4;Steel perforated return diffuser.;C07A715C-9AFC-4104-95D9-C62E98F56705;PAR;30011
1;Diffusers;1002;Perforated Ceiling Diffusers;1103;PAR - Return;4;Steel perforated return diffuser.;C07A715C-9AFC-4104-95D9-C62E98F56705;PAR;30012
1;Diffusers;1002;Perforated Ceiling Diffusers;1103;PAR - Return;4;Steel perforated return diffuser.;C07A715C-9AFC-4104-95D9-C62E98F56705;PAR;30013
1;Diffusers;1002;Perforated Ceiling Diffusers;1103;PAR - Return;4;Steel perforated return diffuser.;C07A715C-9AFC-4104-95D9-C62E98F56705;PAR;30014
1;Diffusers;1002;Perforated Ceiling Diffusers;1103;PAR - Return;4;Steel perforated return diffuser.;C07A715C-9AFC-4104-95D9-C62E98F56705;PAR;30015
1;Diffusers;1002;Perforated Ceiling Diffusers;1103;PAR - Return;4;Steel perforated return diffuser.;C07A715C-9AFC-4104-95D9-C62E98F56705;PAR;30016
1;Diffusers;1002;Perforated Ceiling Diffusers;1103;PAR - Return;4;Steel perforated return diffuser.;E782F507-A83C-4008-9AB1-33A1FF4D23ED;PAR;30001
1;Diffusers;1002;Perforated Ceiling Diffusers;1103;PAR - Return;4;Steel perforated return diffuser.;E782F507-A83C-4008-9AB1-33A1FF4D23ED;PAR;30002
1;Diffusers;1002;Perforated Ceiling Diffusers;1103;PAR - Return;4;Steel perforated return diffuser.;E782F507-A83C-4008-9AB1-33A1FF4D23ED;PAR;30003
1;Diffusers;1002;Perforated Ceiling Diffusers;1103;PAR - Return;4;Steel perforated return diffuser.;E782F507-A83C-4008-9AB1-33A1FF4D23ED;PAR;30004
1;Diffusers;1002;Perforated Ceiling Diffusers;1103;PAR - Return;4;Steel perforated return diffuser.;E782F507-A83C-4008-9AB1-33A1FF4D23ED;PAR;30005
1;Diffusers;1002;Perforated Ceiling Diffusers;1103;PAR - Return;4;Steel perforated return diffuser.;E782F507-A83C-4008-9AB1-33A1FF4D23ED;PAR;30006
1;Diffusers;1002;Perforated Ceiling Diffusers;1103;PAR - Return;4;Steel perforated return diffuser.;E782F507-A83C-4008-9AB1-33A1FF4D23ED;PAR;30007
1;Diffusers;1002;Perforated Ceiling Diffusers;1103;PAR - Return;4;Steel perforated return diffuser.;E782F507-A83C-4008-9AB1-33A1FF4D23ED;PAR;30008
1;Diffusers;1002;Perforated Ceiling Diffusers;1103;PAR - Return;4;Steel perforated return diffuser.;E782F507-A83C-4008-9AB1-33A1FF4D23ED;PAR;30009
1;Diffusers;1002;Perforated Ceiling Diffusers;1103;PAR - Return;4;Steel perforated return diffuser.;E782F507-A83C-4008-9AB1-33A1FF4D23ED;PAR;30010
1;Diffusers;1002;Perforated Ceiling Diffusers;1103;PAR - Return;4;Steel perforated return diffuser.;E782F507-A83C-4008-9AB1-33A1FF4D23ED;PAR;30011
1;Diffusers;1002;Perforated Ceiling Diffusers;1103;PAR - Return;4;Steel perforated return diffuser.;E782F507-A83C-4008-9AB1-33A1FF4D23ED;PAR;30012
1;Diffusers;1002;Perforated Ceiling Diffusers;1103;PAR - Return;4;Steel perforated return diffuser.;E782F507-A83C-4008-9AB1-33A1FF4D23ED;PAR;30013
1;Diffusers;1002;Perforated Ceiling Diffusers;1103;PAR - Return;4;Steel perforated return diffuser.;E782F507-A83C-4008-9AB1-33A1FF4D23ED;PAR;30014
1;Diffusers;1002;Perforated Ceiling Diffusers;1103;PAR - Return;4;Steel perforated return diffuser.;E782F507-A83C-4008-9AB1-33A1FF4D23ED;PAR;30015
1;Diffusers;1002;Perforated Ceiling Diffusers;1103;PAR - Return;4;Steel perforated return diffuser.;E782F507-A83C-4008-9AB1-33A1FF4D23ED;PAR;30016
1;Diffusers;1002;Perforated Ceiling Diffusers;1104;PAS - Supply;5;Steel perforated diffuser with face mounted deflectors.;6F91FD42-91FB-4DB2-B841-832DE2AA4707;PAS;30017
1;Diffusers;1002;Perforated Ceiling Diffusers;1104;PAS - Supply;5;Steel perforated diffuser with face mounted deflectors.;6F91FD42-91FB-4DB2-B841-832DE2AA4707;PAS;30018
1;Diffusers;1002;Perforated Ceiling Diffusers;1104;PAS - Supply;5;Steel perforated diffuser with face mounted deflectors.;6F91FD42-91FB-4DB2-B841-832DE2AA4707;PAS;30019
1;Diffusers;1002;Perforated Ceiling Diffusers;1104;PAS - Supply;5;Steel perforated diffuser with face mounted deflectors.;6F91FD42-91FB-4DB2-B841-832DE2AA4707;PAS;30020
1;Diffusers;1002;Perforated Ceiling Diffusers;1104;PAS - Supply;5;Steel perforated diffuser with face mounted deflectors.;6F91FD42-91FB-4DB2-B841-832DE2AA4707;PAS;30021
1;Diffusers;1002;Perforated Ceiling Diffusers;1104;PAS - Supply;5;Steel perforated diffuser with face mounted deflectors.;6F91FD42-91FB-4DB2-B841-832DE2AA4707;PAS;30022
1;Diffusers;1002;Perforated Ceiling Diffusers;1104;PAS - Supply;5;Steel perforated diffuser with face mounted deflectors.;6F91FD42-91FB-4DB2-B841-832DE2AA4707;PAS;30023
1;Diffusers;1002;Perforated Ceiling Diffusers;1104;PAS - Supply;5;Steel perforated diffuser with face mounted deflectors.;6F91FD42-91FB-4DB2-B841-832DE2AA4707;PAS;30024
1;Diffusers;1002;Perforated Ceiling Diffusers;1104;PAS - Supply;5;Steel perforated diffuser with face mounted deflectors.;6F91FD42-91FB-4DB2-B841-832DE2AA4707;PAS;30025
1;Diffusers;1002;Perforated Ceiling Diffusers;1104;PAS - Supply;5;Steel perforated diffuser with face mounted deflectors.;6F91FD42-91FB-4DB2-B841-832DE2AA4707;PAS;30026
1;Diffusers;1002;Perforated Ceiling Diffusers;1104;PAS - Supply;5;Steel perforated diffuser with face mounted deflectors.;6F91FD42-91FB-4DB2-B841-832DE2AA4707;PAS;30027
1;Diffusers;1002;Perforated Ceiling Diffusers;1104;PAS - Supply;5;Steel perforated diffuser with face mounted deflectors.;6F91FD42-91FB-4DB2-B841-832DE2AA4707;PAS;30028
1;Diffusers;1002;Perforated Ceiling Diffusers;1104;PAS - Supply;5;Steel perforated diffuser with face mounted deflectors.;B0CA9009-59C4-48D3-8405-C1439A166BB3;PAS;30017
1;Diffusers;1002;Perforated Ceiling Diffusers;1104;PAS - Supply;5;Steel perforated diffuser with face mounted deflectors.;B0CA9009-59C4-48D3-8405-C1439A166BB3;PAS;30018
1;Diffusers;1002;Perforated Ceiling Diffusers;1104;PAS - Supply;5;Steel perforated diffuser with face mounted deflectors.;B0CA9009-59C4-48D3-8405-C1439A166BB3;PAS;30019
1;Diffusers;1002;Perforated Ceiling Diffusers;1104;PAS - Supply;5;Steel perforated diffuser with face mounted deflectors.;B0CA9009-59C4-48D3-8405-C1439A166BB3;PAS;30020
1;Diffusers;1002;Perforated Ceiling Diffusers;1104;PAS - Supply;5;Steel perforated diffuser with face mounted deflectors.;B0CA9009-59C4-48D3-8405-C1439A166BB3;PAS;30021
1;Diffusers;1002;Perforated Ceiling Diffusers;1104;PAS - Supply;5;Steel perforated diffuser with face mounted deflectors.;B0CA9009-59C4-48D3-8405-C1439A166BB3;PAS;30022
1;Diffusers;1002;Perforated Ceiling Diffusers;1104;PAS - Supply;5;Steel perforated diffuser with face mounted deflectors.;B0CA9009-59C4-48D3-8405-C1439A166BB3;PAS;30023
1;Diffusers;1002;Perforated Ceiling Diffusers;1104;PAS - Supply;5;Steel perforated diffuser with face mounted deflectors.;B0CA9009-59C4-48D3-8405-C1439A166BB3;PAS;30024
1;Diffusers;1002;Perforated Ceiling Diffusers;1104;PAS - Supply;5;Steel perforated diffuser with face mounted deflectors.;B0CA9009-59C4-48D3-8405-C1439A166BB3;PAS;30025
1;Diffusers;1002;Perforated Ceiling Diffusers;1104;PAS - Supply;5;Steel perforated diffuser with face mounted deflectors.;B0CA9009-59C4-48D3-8405-C1439A166BB3;PAS;30026
1;Diffusers;1002;Perforated Ceiling Diffusers;1104;PAS - Supply;5;Steel perforated diffuser with face mounted deflectors.;B0CA9009-59C4-48D3-8405-C1439A166BB3;PAS;30027
1;Diffusers;1002;Perforated Ceiling Diffusers;1104;PAS - Supply;5;Steel perforated diffuser with face mounted deflectors.;B0CA9009-59C4-48D3-8405-C1439A166BB3;PAS;30028
1;Diffusers;1002;Perforated Ceiling Diffusers;1105;PCS - Supply, Curved Blade;6;Aluminum flush face perforated neck-mounted curved blade deflectors.;71CDBC92-ED36-4E25-94F2-0AF723C326E6;PCS-AA;30039
1;Diffusers;1002;Perforated Ceiling Diffusers;1105;PCS - Supply, Curved Blade;6;Aluminum flush face perforated neck-mounted curved blade deflectors.;71CDBC92-ED36-4E25-94F2-0AF723C326E6;PCS-AA;30040
1;Diffusers;1002;Perforated Ceiling Diffusers;1105;PCS - Supply, Curved Blade;6;Aluminum flush face perforated neck-mounted curved blade deflectors.;71CDBC92-ED36-4E25-94F2-0AF723C326E6;PCS-AA;30041
1;Diffusers;1002;Perforated Ceiling Diffusers;1105;PCS - Supply, Curved Blade;7;Steel perforated neck-mounted curved blade deflectors.;AFBAFB64-641B-420A-8763-8FFB6761AEE5;PCS;30034
1;Diffusers;1002;Perforated Ceiling Diffusers;1105;PCS - Supply, Curved Blade;7;Steel perforated neck-mounted curved blade deflectors.;AFBAFB64-641B-420A-8763-8FFB6761AEE5;PCS;30035
1;Diffusers;1002;Perforated Ceiling Diffusers;1105;PCS - Supply, Curved Blade;7;Steel perforated neck-mounted curved blade deflectors.;AFBAFB64-641B-420A-8763-8FFB6761AEE5;PCS;30036
1;Diffusers;1002;Perforated Ceiling Diffusers;1105;PCS - Supply, Curved Blade;7;Steel perforated neck-mounted curved blade deflectors.;AFBAFB64-641B-420A-8763-8FFB6761AEE5;PCS;30037
1;Diffusers;1002;Perforated Ceiling Diffusers;1105;PCS - Supply, Curved Blade;7;Steel perforated neck-mounted curved blade deflectors.;AFBAFB64-641B-420A-8763-8FFB6761AEE5;PCS;30038
1;Diffusers;1002;Perforated Ceiling Diffusers;1105;PCS - Supply, Curved Blade;7;Steel perforated neck-mounted curved blade deflectors.;D5C8ECAD-41A9-4CDD-B769-CE72FDB1C0D3;PCS;30034
1;Diffusers;1002;Perforated Ceiling Diffusers;1105;PCS - Supply, Curved Blade;7;Steel perforated neck-mounted curved blade deflectors.;D5C8ECAD-41A9-4CDD-B769-CE72FDB1C0D3;PCS;30035
1;Diffusers;1002;Perforated Ceiling Diffusers;1105;PCS - Supply, Curved Blade;7;Steel perforated neck-mounted curved blade deflectors.;D5C8ECAD-41A9-4CDD-B769-CE72FDB1C0D3;PCS;30036
1;Diffusers;1002;Perforated Ceiling Diffusers;1105;PCS - Supply, Curved Blade;7;Steel perforated neck-mounted curved blade deflectors.;D5C8ECAD-41A9-4CDD-B769-CE72FDB1C0D3;PCS;30037
1;Diffusers;1002;Perforated Ceiling Diffusers;1105;PCS - Supply, Curved Blade;7;Steel perforated neck-mounted curved blade deflectors.;D5C8ECAD-41A9-4CDD-B769-CE72FDB1C0D3;PCS;30038
1;Diffusers;1002;Perforated Ceiling Diffusers;1106;PSS - Supply, Star Pattern;8;Aluminum face, steel backpan perforated supply diffuser with star pattern deflector.;A68E5CB2-2EAF-42D2-A1B7-1A2BAEDE2704;PSS-AA;30047
1;Diffusers;1002;Perforated Ceiling Diffusers;1106;PSS - Supply, Star Pattern;8;Aluminum face, steel backpan perforated supply diffuser with star pattern deflector.;A68E5CB2-2EAF-42D2-A1B7-1A2BAEDE2704;PSS-AA;30048
1;Diffusers;1002;Perforated Ceiling Diffusers;1106;PSS - Supply, Star Pattern;8;Aluminum face, steel backpan perforated supply diffuser with star pattern deflector.;A68E5CB2-2EAF-42D2-A1B7-1A2BAEDE2704;PSS-AA;30049
1;Diffusers;1002;Perforated Ceiling Diffusers;1106;PSS - Supply, Star Pattern;8;Aluminum face, steel backpan perforated supply diffuser with star pattern deflector.;D3337FDF-2984-43BB-9B29-F5D24874EFF8;PSS-AA;30047
1;Diffusers;1002;Perforated Ceiling Diffusers;1106;PSS - Supply, Star Pattern;8;Aluminum face, steel backpan perforated supply diffuser with star pattern deflector.;D3337FDF-2984-43BB-9B29-F5D24874EFF8;PSS-AA;30048
1;Diffusers;1002;Perforated Ceiling Diffusers;1106;PSS - Supply, Star Pattern;8;Aluminum face, steel backpan perforated supply diffuser with star pattern deflector.;D3337FDF-2984-43BB-9B29-F5D24874EFF8;PSS-AA;30049
1;Diffusers;1002;Perforated Ceiling Diffusers;1106;PSS - Supply, Star Pattern;9;Steel perforated supply diffuser with star pattern deflector.;1B3FF306-650A-425F-9D3C-0529B336C1E8;PSS;30042
1;Diffusers;1002;Perforated Ceiling Diffusers;1106;PSS - Supply, Star Pattern;9;Steel perforated supply diffuser with star pattern deflector.;1B3FF306-650A-425F-9D3C-0529B336C1E8;PSS;30043
1;Diffusers;1002;Perforated Ceiling Diffusers;1106;PSS - Supply, Star Pattern;9;Steel perforated supply diffuser with star pattern deflector.;1B3FF306-650A-425F-9D3C-0529B336C1E8;PSS;30044
1;Diffusers;1002;Perforated Ceiling Diffusers;1106;PSS - Supply, Star Pattern;9;Steel perforated supply diffuser with star pattern deflector.;1B3FF306-650A-425F-9D3C-0529B336C1E8;PSS;30045
1;Diffusers;1002;Perforated Ceiling Diffusers;1106;PSS - Supply, Star Pattern;9;Steel perforated supply diffuser with star pattern deflector.;1B3FF306-650A-425F-9D3C-0529B336C1E8;PSS;30046
1;Diffusers;1002;Perforated Ceiling Diffusers;1106;PSS - Supply, Star Pattern;9;Steel perforated supply diffuser with star pattern deflector.;24DBCED1-5C41-4D00-8444-EDD71A6EF6DF;PSS;30042
1;Diffusers;1002;Perforated Ceiling Diffusers;1106;PSS - Supply, Star Pattern;9;Steel perforated supply diffuser with star pattern deflector.;24DBCED1-5C41-4D00-8444-EDD71A6EF6DF;PSS;30043
1;Diffusers;1002;Perforated Ceiling Diffusers;1106;PSS - Supply, Star Pattern;9;Steel perforated supply diffuser with star pattern deflector.;24DBCED1-5C41-4D00-8444-EDD71A6EF6DF;PSS;30044
1;Diffusers;1002;Perforated Ceiling Diffusers;1106;PSS - Supply, Star Pattern;9;Steel perforated supply diffuser with star pattern deflector.;24DBCED1-5C41-4D00-8444-EDD71A6EF6DF;PSS;30045
1;Diffusers;1002;Perforated Ceiling Diffusers;1106;PSS - Supply, Star Pattern;9;Steel perforated supply diffuser with star pattern deflector.;24DBCED1-5C41-4D00-8444-EDD71A6EF6DF;PSS;30046
1;Diffusers;1002;Perforated Ceiling Diffusers;1107;PXP - Screen Only;10;Steel perforated return panel.;7B84957D-1FC8-4AFC-948A-1EAB3F01ED39;PXP;30050
1;Diffusers;1002;Perforated Ceiling Diffusers;1107;PXP - Screen Only;10;Steel perforated return panel.;7B84957D-1FC8-4AFC-948A-1EAB3F01ED39;PXP;30051
1;Diffusers;1002;Perforated Ceiling Diffusers;1107;PXP - Screen Only;10;Steel perforated return panel.;8811C58D-FE4D-40E2-8261-660CA80275E0;PXP;30050
1;Diffusers;1002;Perforated Ceiling Diffusers;1107;PXP - Screen Only;10;Steel perforated return panel.;8811C58D-FE4D-40E2-8261-660CA80275E0;PXP;30051
1;Diffusers;1003;Round Ceiling Diffusers;1108;TMR;11;Steel, round diffuser with two discharge patterns.;661C5D0C-947E-439D-8C2C-D5BCD1DC8611;TMR;30102
1;Diffusers;1003;Round Ceiling Diffusers;1108;TMR;11;Steel, round diffuser with two discharge patterns.;661C5D0C-947E-439D-8C2C-D5BCD1DC8611;TMR;30103
1;Diffusers;1003;Round Ceiling Diffusers;1108;TMR;11;Steel, round diffuser with two discharge patterns.;661C5D0C-947E-439D-8C2C-D5BCD1DC8611;TMR;30104
1;Diffusers;1003;Round Ceiling Diffusers;1108;TMR;11;Steel, round diffuser with two discharge patterns.;661C5D0C-947E-439D-8C2C-D5BCD1DC8611;TMR;30105
1;Diffusers;1003;Round Ceiling Diffusers;1108;TMR;11;Steel, round diffuser with two discharge patterns.;661C5D0C-947E-439D-8C2C-D5BCD1DC8611;TMR;30106
1;Diffusers;1003;Round Ceiling Diffusers;1108;TMR;11;Steel, round diffuser with two discharge patterns.;6FBDF38F-1078-49EB-A916-A2DF023496D8;TMR;30102
1;Diffusers;1003;Round Ceiling Diffusers;1108;TMR;11;Steel, round diffuser with two discharge patterns.;6FBDF38F-1078-49EB-A916-A2DF023496D8;TMR;30103
1;Diffusers;1003;Round Ceiling Diffusers;1108;TMR;11;Steel, round diffuser with two discharge patterns.;6FBDF38F-1078-49EB-A916-A2DF023496D8;TMR;30104
1;Diffusers;1003;Round Ceiling Diffusers;1108;TMR;11;Steel, round diffuser with two discharge patterns.;6FBDF38F-1078-49EB-A916-A2DF023496D8;TMR;30105
1;Diffusers;1003;Round Ceiling Diffusers;1108;TMR;11;Steel, round diffuser with two discharge patterns.;6FBDF38F-1078-49EB-A916-A2DF023496D8;TMR;30106
1;Diffusers;1004;Square & Rectangular Ceiling;1109;TDC - Louvered;12;Aluminum louvered face diffuser.;7C7D6DE6-65C0-409A-B9E0-7C859C192B78;TDC-AA;30119
1;Diffusers;1004;Square & Rectangular Ceiling;1109;TDC - Louvered;12;Aluminum louvered face diffuser.;7C7D6DE6-65C0-409A-B9E0-7C859C192B78;TDC-AA;30120
1;Diffusers;1004;Square & Rectangular Ceiling;1109;TDC - Louvered;12;Aluminum louvered face diffuser.;7C7D6DE6-65C0-409A-B9E0-7C859C192B78;TDC-AA;30121
1;Diffusers;1004;Square & Rectangular Ceiling;1109;TDC - Louvered;12;Aluminum louvered face diffuser.;7C7D6DE6-65C0-409A-B9E0-7C859C192B78;TDC-AA;30122
1;Diffusers;1004;Square & Rectangular Ceiling;1109;TDC - Louvered;12;Aluminum louvered face diffuser.;7C7D6DE6-65C0-409A-B9E0-7C859C192B78;TDC-AA;30123
1;Diffusers;1004;Square & Rectangular Ceiling;1109;TDC - Louvered;12;Aluminum louvered face diffuser.;7C7D6DE6-65C0-409A-B9E0-7C859C192B78;TDC-AA;30124
1;Diffusers;1004;Square & Rectangular Ceiling;1109;TDC - Louvered;12;Aluminum louvered face diffuser.;7C7D6DE6-65C0-409A-B9E0-7C859C192B78;TDC-AA;30125
1;Diffusers;1004;Square & Rectangular Ceiling;1109;TDC - Louvered;12;Aluminum louvered face diffuser.;7C7D6DE6-65C0-409A-B9E0-7C859C192B78;TDC-AA;30126
1;Diffusers;1004;Square & Rectangular Ceiling;1109;TDC - Louvered;12;Aluminum louvered face diffuser.;7C7D6DE6-65C0-409A-B9E0-7C859C192B78;TDC-AA;30127
1;Diffusers;1004;Square & Rectangular Ceiling;1109;TDC - Louvered;12;Aluminum louvered face diffuser.;7C7D6DE6-65C0-409A-B9E0-7C859C192B78;TDC-AA;30128
1;Diffusers;1004;Square & Rectangular Ceiling;1109;TDC - Louvered;12;Aluminum louvered face diffuser.;7C7D6DE6-65C0-409A-B9E0-7C859C192B78;TDC-AA;30129
1;Diffusers;1004;Square & Rectangular Ceiling;1109;TDC - Louvered;12;Aluminum louvered face diffuser.;7C7D6DE6-65C0-409A-B9E0-7C859C192B78;TDC-AA;30130
1;Diffusers;1004;Square & Rectangular Ceiling;1109;TDC - Louvered;12;Aluminum louvered face diffuser.;7C7D6DE6-65C0-409A-B9E0-7C859C192B78;TDC-AA;30131
1;Diffusers;1004;Square & Rectangular Ceiling;1109;TDC - Louvered;12;Aluminum louvered face diffuser.;7C7D6DE6-65C0-409A-B9E0-7C859C192B78;TDC-AA;30132
1;Diffusers;1004;Square & Rectangular Ceiling;1109;TDC - Louvered;12;Aluminum louvered face diffuser.;B1A9887F-0BA8-420A-B2ED-2E16069D3857;TDC-AA;30119
1;Diffusers;1004;Square & Rectangular Ceiling;1109;TDC - Louvered;12;Aluminum louvered face diffuser.;B1A9887F-0BA8-420A-B2ED-2E16069D3857;TDC-AA;30120
1;Diffusers;1004;Square & Rectangular Ceiling;1109;TDC - Louvered;12;Aluminum louvered face diffuser.;B1A9887F-0BA8-420A-B2ED-2E16069D3857;TDC-AA;30121
1;Diffusers;1004;Square & Rectangular Ceiling;1109;TDC - Louvered;12;Aluminum louvered face diffuser.;B1A9887F-0BA8-420A-B2ED-2E16069D3857;TDC-AA;30122
1;Diffusers;1004;Square & Rectangular Ceiling;1109;TDC - Louvered;12;Aluminum louvered face diffuser.;B1A9887F-0BA8-420A-B2ED-2E16069D3857;TDC-AA;30123
1;Diffusers;1004;Square & Rectangular Ceiling;1109;TDC - Louvered;12;Aluminum louvered face diffuser.;B1A9887F-0BA8-420A-B2ED-2E16069D3857;TDC-AA;30124
1;Diffusers;1004;Square & Rectangular Ceiling;1109;TDC - Louvered;12;Aluminum louvered face diffuser.;B1A9887F-0BA8-420A-B2ED-2E16069D3857;TDC-AA;30125
1;Diffusers;1004;Square & Rectangular Ceiling;1109;TDC - Louvered;12;Aluminum louvered face diffuser.;B1A9887F-0BA8-420A-B2ED-2E16069D3857;TDC-AA;30126
1;Diffusers;1004;Square & Rectangular Ceiling;1109;TDC - Louvered;12;Aluminum louvered face diffuser.;B1A9887F-0BA8-420A-B2ED-2E16069D3857;TDC-AA;30127
1;Diffusers;1004;Square & Rectangular Ceiling;1109;TDC - Louvered;12;Aluminum louvered face diffuser.;B1A9887F-0BA8-420A-B2ED-2E16069D3857;TDC-AA;30128
1;Diffusers;1004;Square & Rectangular Ceiling;1109;TDC - Louvered;12;Aluminum louvered face diffuser.;B1A9887F-0BA8-420A-B2ED-2E16069D3857;TDC-AA;30129
1;Diffusers;1004;Square & Rectangular Ceiling;1109;TDC - Louvered;12;Aluminum louvered face diffuser.;B1A9887F-0BA8-420A-B2ED-2E16069D3857;TDC-AA;30130
1;Diffusers;1004;Square & Rectangular Ceiling;1109;TDC - Louvered;12;Aluminum louvered face diffuser.;B1A9887F-0BA8-420A-B2ED-2E16069D3857;TDC-AA;30131
1;Diffusers;1004;Square & Rectangular Ceiling;1109;TDC - Louvered;12;Aluminum louvered face diffuser.;B1A9887F-0BA8-420A-B2ED-2E16069D3857;TDC-AA;30132
1;Diffusers;1004;Square & Rectangular Ceiling;1109;TDC - Louvered;13;Steel louvered face diffuser.;FDE3D1A0-A693-4A50-8253-EAA286BEC407;TDC;30107
1;Diffusers;1004;Square & Rectangular Ceiling;1109;TDC - Louvered;13;Steel louvered face diffuser.;FDE3D1A0-A693-4A50-8253-EAA286BEC407;TDC;30108
1;Diffusers;1004;Square & Rectangular Ceiling;1109;TDC - Louvered;13;Steel louvered face diffuser.;FDE3D1A0-A693-4A50-8253-EAA286BEC407;TDC;30109
1;Diffusers;1004;Square & Rectangular Ceiling;1109;TDC - Louvered;13;Steel louvered face diffuser.;FDE3D1A0-A693-4A50-8253-EAA286BEC407;TDC;30110
1;Diffusers;1004;Square & Rectangular Ceiling;1109;TDC - Louvered;13;Steel louvered face diffuser.;FDE3D1A0-A693-4A50-8253-EAA286BEC407;TDC;30111
1;Diffusers;1004;Square & Rectangular Ceiling;1109;TDC - Louvered;13;Steel louvered face diffuser.;FDE3D1A0-A693-4A50-8253-EAA286BEC407;TDC;30112
1;Diffusers;1004;Square & Rectangular Ceiling;1109;TDC - Louvered;13;Steel louvered face diffuser.;FDE3D1A0-A693-4A50-8253-EAA286BEC407;TDC;30113
1;Diffusers;1004;Square & Rectangular Ceiling;1109;TDC - Louvered;13;Steel louvered face diffuser.;FDE3D1A0-A693-4A50-8253-EAA286BEC407;TDC;30114
1;Diffusers;1004;Square & Rectangular Ceiling;1109;TDC - Louvered;13;Steel louvered face diffuser.;FDE3D1A0-A693-4A50-8253-EAA286BEC407;TDC;30115
1;Diffusers;1004;Square & Rectangular Ceiling;1109;TDC - Louvered;13;Steel louvered face diffuser.;FDE3D1A0-A693-4A50-8253-EAA286BEC407;TDC;30116
1;Diffusers;1004;Square & Rectangular Ceiling;1109;TDC - Louvered;13;Steel louvered face diffuser.;FDE3D1A0-A693-4A50-8253-EAA286BEC407;TDC;30117
1;Diffusers;1004;Square & Rectangular Ceiling;1109;TDC - Louvered;13;Steel louvered face diffuser.;FDE3D1A0-A693-4A50-8253-EAA286BEC407;TDC;30118
1;Diffusers;1005;Square Ceiling Diffusers;1110;TMS;14;Aluminum high performance three cone diffuser.;0258476D-78FB-4DAB-BFE8-1575FC963748;TMS-AA;30067
1;Diffusers;1005;Square Ceiling Diffusers;1110;TMS;14;Aluminum high performance three cone diffuser.;0258476D-78FB-4DAB-BFE8-1575FC963748;TMS-AA;30068
1;Diffusers;1005;Square Ceiling Diffusers;1110;TMS;14;Aluminum high performance three cone diffuser.;0258476D-78FB-4DAB-BFE8-1575FC963748;TMS-AA;30069
1;Diffusers;1005;Square Ceiling Diffusers;1110;TMS;14;Aluminum high performance three cone diffuser.;0258476D-78FB-4DAB-BFE8-1575FC963748;TMS-AA;30070
1;Diffusers;1005;Square Ceiling Diffusers;1110;TMS;14;Aluminum high performance three cone diffuser.;0258476D-78FB-4DAB-BFE8-1575FC963748;TMS-AA;30071
1;Diffusers;1005;Square Ceiling Diffusers;1110;TMS;14;Aluminum high performance three cone diffuser.;2FA8F9F4-C5BC-45BD-BAA4-0FFA1F36B367;TMS-AA;30067
1;Diffusers;1005;Square Ceiling Diffusers;1110;TMS;14;Aluminum high performance three cone diffuser.;2FA8F9F4-C5BC-45BD-BAA4-0FFA1F36B367;TMS-AA;30068
1;Diffusers;1005;Square Ceiling Diffusers;1110;TMS;14;Aluminum high performance three cone diffuser.;2FA8F9F4-C5BC-45BD-BAA4-0FFA1F36B367;TMS-AA;30069
1;Diffusers;1005;Square Ceiling Diffusers;1110;TMS;14;Aluminum high performance three cone diffuser.;2FA8F9F4-C5BC-45BD-BAA4-0FFA1F36B367;TMS-AA;30070
1;Diffusers;1005;Square Ceiling Diffusers;1110;TMS;14;Aluminum high performance three cone diffuser.;2FA8F9F4-C5BC-45BD-BAA4-0FFA1F36B367;TMS-AA;30071
1;Diffusers;1005;Square Ceiling Diffusers;1110;TMS;15;Steel, high performance three cone diffuser.;0C98939A-6C41-4A58-A9E9-41275E9A6A50;TMS;30052
1;Diffusers;1005;Square Ceiling Diffusers;1110;TMS;15;Steel, high performance three cone diffuser.;0C98939A-6C41-4A58-A9E9-41275E9A6A50;TMS;30053
1;Diffusers;1005;Square Ceiling Diffusers;1110;TMS;15;Steel, high performance three cone diffuser.;0C98939A-6C41-4A58-A9E9-41275E9A6A50;TMS;30054
1;Diffusers;1005;Square Ceiling Diffusers;1110;TMS;15;Steel, high performance three cone diffuser.;0C98939A-6C41-4A58-A9E9-41275E9A6A50;TMS;30055
1;Diffusers;1005;Square Ceiling Diffusers;1110;TMS;15;Steel, high performance three cone diffuser.;0C98939A-6C41-4A58-A9E9-41275E9A6A50;TMS;30056
1;Diffusers;1005;Square Ceiling Diffusers;1110;TMS;15;Steel, high performance three cone diffuser.;0C98939A-6C41-4A58-A9E9-41275E9A6A50;TMS;30057
1;Diffusers;1005;Square Ceiling Diffusers;1110;TMS;15;Steel, high performance three cone diffuser.;0C98939A-6C41-4A58-A9E9-41275E9A6A50;TMS;30058
1;Diffusers;1005;Square Ceiling Diffusers;1110;TMS;15;Steel, high performance three cone diffuser.;0C98939A-6C41-4A58-A9E9-41275E9A6A50;TMS;30060
1;Diffusers;1005;Square Ceiling Diffusers;1110;TMS;15;Steel, high performance three cone diffuser.;0C98939A-6C41-4A58-A9E9-41275E9A6A50;TMS;30072
1;Diffusers;1005;Square Ceiling Diffusers;1110;TMS;15;Steel, high performance three cone diffuser.;7FE343D6-D0E7-456D-83DA-7ED727363829;TMS;30052
1;Diffusers;1005;Square Ceiling Diffusers;1110;TMS;15;Steel, high performance three cone diffuser.;7FE343D6-D0E7-456D-83DA-7ED727363829;TMS;30053
1;Diffusers;1005;Square Ceiling Diffusers;1110;TMS;15;Steel, high performance three cone diffuser.;7FE343D6-D0E7-456D-83DA-7ED727363829;TMS;30054
1;Diffusers;1005;Square Ceiling Diffusers;1110;TMS;15;Steel, high performance three cone diffuser.;7FE343D6-D0E7-456D-83DA-7ED727363829;TMS;30055
1;Diffusers;1005;Square Ceiling Diffusers;1110;TMS;15;Steel, high performance three cone diffuser.;7FE343D6-D0E7-456D-83DA-7ED727363829;TMS;30056
1;Diffusers;1005;Square Ceiling Diffusers;1110;TMS;15;Steel, high performance three cone diffuser.;7FE343D6-D0E7-456D-83DA-7ED727363829;TMS;30057
1;Diffusers;1005;Square Ceiling Diffusers;1110;TMS;15;Steel, high performance three cone diffuser.;7FE343D6-D0E7-456D-83DA-7ED727363829;TMS;30058
1;Diffusers;1005;Square Ceiling Diffusers;1110;TMS;15;Steel, high performance three cone diffuser.;7FE343D6-D0E7-456D-83DA-7ED727363829;TMS;30060
1;Diffusers;1005;Square Ceiling Diffusers;1110;TMS;15;Steel, high performance three cone diffuser.;7FE343D6-D0E7-456D-83DA-7ED727363829;TMS;30072
1;Diffusers;1005;Square Ceiling Diffusers;1111;TMSA;16;Steel Adjustable High Performance 3-cone Diffuser.;19C82235-3461-4346-B205-9DB1313E42D7;TMSA;30061
1;Diffusers;1005;Square Ceiling Diffusers;1111;TMSA;16;Steel Adjustable High Performance 3-cone Diffuser.;19C82235-3461-4346-B205-9DB1313E42D7;TMSA;30062
1;Diffusers;1005;Square Ceiling Diffusers;1111;TMSA;16;Steel Adjustable High Performance 3-cone Diffuser.;19C82235-3461-4346-B205-9DB1313E42D7;TMSA;30063
1;Diffusers;1005;Square Ceiling Diffusers;1111;TMSA;16;Steel Adjustable High Performance 3-cone Diffuser.;19C82235-3461-4346-B205-9DB1313E42D7;TMSA;30064
1;Diffusers;1005;Square Ceiling Diffusers;1111;TMSA;16;Steel Adjustable High Performance 3-cone Diffuser.;19C82235-3461-4346-B205-9DB1313E42D7;TMSA;30065
1;Diffusers;1005;Square Ceiling Diffusers;1111;TMSA;16;Steel Adjustable High Performance 3-cone Diffuser.;19C82235-3461-4346-B205-9DB1313E42D7;TMSA;30066
1;Diffusers;1005;Square Ceiling Diffusers;1111;TMSA;16;Steel Adjustable High Performance 3-cone Diffuser.;A885C397-6F4F-463D-81C4-1ABEE063856B;TMSA;30061
1;Diffusers;1005;Square Ceiling Diffusers;1111;TMSA;16;Steel Adjustable High Performance 3-cone Diffuser.;A885C397-6F4F-463D-81C4-1ABEE063856B;TMSA;30062
1;Diffusers;1005;Square Ceiling Diffusers;1111;TMSA;16;Steel Adjustable High Performance 3-cone Diffuser.;A885C397-6F4F-463D-81C4-1ABEE063856B;TMSA;30063
1;Diffusers;1005;Square Ceiling Diffusers;1111;TMSA;16;Steel Adjustable High Performance 3-cone Diffuser.;A885C397-6F4F-463D-81C4-1ABEE063856B;TMSA;30064
1;Diffusers;1005;Square Ceiling Diffusers;1111;TMSA;16;Steel Adjustable High Performance 3-cone Diffuser.;A885C397-6F4F-463D-81C4-1ABEE063856B;TMSA;30065
1;Diffusers;1005;Square Ceiling Diffusers;1111;TMSA;16;Steel Adjustable High Performance 3-cone Diffuser.;A885C397-6F4F-463D-81C4-1ABEE063856B;TMSA;30066
2;Grilles;1006;300/350 Grilles ;1112;300/350 Filter Return Grilles;17;"Steel louvered filter grille, 35 degree deflection, 3/4"" blade spacing, blades parallel to long dimension. 1"" filter.";C99A98D1-32B2-44F6-B539-C75AB740D172;350RLF1;20095
2;Grilles;1006;300/350 Grilles ;1113;300/350 Return Grilles;18;"Aluminum louvered return grille, 3/4"" blade spacing, 35 degree deflection, long blades.";33764834-08F0-41B9-A5CE-0DB6F4BB8B4C;350FL;20066
2;Grilles;1006;300/350 Grilles ;1113;300/350 Return Grilles;18;"Aluminum louvered return grille, 3/4"" blade spacing, 35 degree deflection, long blades.";33764834-08F0-41B9-A5CE-0DB6F4BB8B4C;350FL;20067
2;Grilles;1006;300/350 Grilles ;1113;300/350 Return Grilles;18;"Aluminum louvered return grille, 3/4"" blade spacing, 35 degree deflection, long blades.";33764834-08F0-41B9-A5CE-0DB6F4BB8B4C;350FL;20068
2;Grilles;1006;300/350 Grilles ;1113;300/350 Return Grilles;18;"Aluminum louvered return grille, 3/4"" blade spacing, 35 degree deflection, long blades.";33764834-08F0-41B9-A5CE-0DB6F4BB8B4C;350FL;20096
2;Grilles;1006;300/350 Grilles ;1113;300/350 Return Grilles;18;"Aluminum louvered return grille, 3/4"" blade spacing, 35 degree deflection, long blades.";33764834-08F0-41B9-A5CE-0DB6F4BB8B4C;350FL;20097
2;Grilles;1006;300/350 Grilles ;1113;300/350 Return Grilles;18;"Aluminum louvered return grille, 3/4"" blade spacing, 35 degree deflection, long blades.";33764834-08F0-41B9-A5CE-0DB6F4BB8B4C;350FL;20098
2;Grilles;1006;300/350 Grilles ;1113;300/350 Return Grilles;18;"Aluminum louvered return grille, 3/4"" blade spacing, 35 degree deflection, long blades.";33764834-08F0-41B9-A5CE-0DB6F4BB8B4C;350FL;20099
2;Grilles;1006;300/350 Grilles ;1113;300/350 Return Grilles;18;"Aluminum louvered return grille, 3/4"" blade spacing, 35 degree deflection, long blades.";33764834-08F0-41B9-A5CE-0DB6F4BB8B4C;350FL;20100
2;Grilles;1006;300/350 Grilles ;1113;300/350 Return Grilles;18;"Aluminum louvered return grille, 3/4"" blade spacing, 35 degree deflection, long blades.";33764834-08F0-41B9-A5CE-0DB6F4BB8B4C;350FL;20101
2;Grilles;1006;300/350 Grilles ;1113;300/350 Return Grilles;18;"Aluminum louvered return grille, 3/4"" blade spacing, 35 degree deflection, long blades.";33764834-08F0-41B9-A5CE-0DB6F4BB8B4C;350FL;20102
2;Grilles;1006;300/350 Grilles ;1113;300/350 Return Grilles;18;"Aluminum louvered return grille, 3/4"" blade spacing, 35 degree deflection, long blades.";33764834-08F0-41B9-A5CE-0DB6F4BB8B4C;350FL;20103
2;Grilles;1006;300/350 Grilles ;1113;300/350 Return Grilles;18;"Aluminum louvered return grille, 3/4"" blade spacing, 35 degree deflection, long blades.";33764834-08F0-41B9-A5CE-0DB6F4BB8B4C;350FL;20104
2;Grilles;1006;300/350 Grilles ;1113;300/350 Return Grilles;19;"Steel return grille, 3/4"" blade spacing, 35 degree deflection, blades parallel to long dimension.";4B00A462-D8AF-43AF-91DC-DDC3DCF58B44;350RL;20044
2;Grilles;1006;300/350 Grilles ;1113;300/350 Return Grilles;19;"Steel return grille, 3/4"" blade spacing, 35 degree deflection, blades parallel to long dimension.";4B00A462-D8AF-43AF-91DC-DDC3DCF58B44;350RL;20045
2;Grilles;1006;300/350 Grilles ;1113;300/350 Return Grilles;19;"Steel return grille, 3/4"" blade spacing, 35 degree deflection, blades parallel to long dimension.";4B00A462-D8AF-43AF-91DC-DDC3DCF58B44;350RL;20046
2;Grilles;1006;300/350 Grilles ;1113;300/350 Return Grilles;19;"Steel return grille, 3/4"" blade spacing, 35 degree deflection, blades parallel to long dimension.";4B00A462-D8AF-43AF-91DC-DDC3DCF58B44;350RL;20047
2;Grilles;1006;300/350 Grilles ;1113;300/350 Return Grilles;19;"Steel return grille, 3/4"" blade spacing, 35 degree deflection, blades parallel to long dimension.";4B00A462-D8AF-43AF-91DC-DDC3DCF58B44;350RL;20048
2;Grilles;1006;300/350 Grilles ;1113;300/350 Return Grilles;19;"Steel return grille, 3/4"" blade spacing, 35 degree deflection, blades parallel to long dimension.";4B00A462-D8AF-43AF-91DC-DDC3DCF58B44;350RL;20049
2;Grilles;1006;300/350 Grilles ;1113;300/350 Return Grilles;19;"Steel return grille, 3/4"" blade spacing, 35 degree deflection, blades parallel to long dimension.";4B00A462-D8AF-43AF-91DC-DDC3DCF58B44;350RL;20050
2;Grilles;1006;300/350 Grilles ;1113;300/350 Return Grilles;19;"Steel return grille, 3/4"" blade spacing, 35 degree deflection, blades parallel to long dimension.";4B00A462-D8AF-43AF-91DC-DDC3DCF58B44;350RL;20051
2;Grilles;1006;300/350 Grilles ;1113;300/350 Return Grilles;19;"Steel return grille, 3/4"" blade spacing, 35 degree deflection, blades parallel to long dimension.";4B00A462-D8AF-43AF-91DC-DDC3DCF58B44;350RL;20052
2;Grilles;1006;300/350 Grilles ;1113;300/350 Return Grilles;19;"Steel return grille, 3/4"" blade spacing, 35 degree deflection, blades parallel to long dimension.";4B00A462-D8AF-43AF-91DC-DDC3DCF58B44;350RL;20053
2;Grilles;1006;300/350 Grilles ;1113;300/350 Return Grilles;19;"Steel return grille, 3/4"" blade spacing, 35 degree deflection, blades parallel to long dimension.";4B00A462-D8AF-43AF-91DC-DDC3DCF58B44;350RL;20054
2;Grilles;1006;300/350 Grilles ;1113;300/350 Return Grilles;19;"Steel return grille, 3/4"" blade spacing, 35 degree deflection, blades parallel to long dimension.";4B00A462-D8AF-43AF-91DC-DDC3DCF58B44;350RL;20055
2;Grilles;1006;300/350 Grilles ;1113;300/350 Return Grilles;19;"Steel return grille, 3/4"" blade spacing, 35 degree deflection, blades parallel to long dimension.";4B00A462-D8AF-43AF-91DC-DDC3DCF58B44;350RL;20056
2;Grilles;1006;300/350 Grilles ;1113;300/350 Return Grilles;19;"Steel return grille, 3/4"" blade spacing, 35 degree deflection, blades parallel to long dimension.";4B00A462-D8AF-43AF-91DC-DDC3DCF58B44;350RL;20057
2;Grilles;1006;300/350 Grilles ;1113;300/350 Return Grilles;19;"Steel return grille, 3/4"" blade spacing, 35 degree deflection, blades parallel to long dimension.";4B00A462-D8AF-43AF-91DC-DDC3DCF58B44;350RL;20058
2;Grilles;1006;300/350 Grilles ;1113;300/350 Return Grilles;19;"Steel return grille, 3/4"" blade spacing, 35 degree deflection, blades parallel to long dimension.";4B00A462-D8AF-43AF-91DC-DDC3DCF58B44;350RL;20059
2;Grilles;1006;300/350 Grilles ;1113;300/350 Return Grilles;19;"Steel return grille, 3/4"" blade spacing, 35 degree deflection, blades parallel to long dimension.";4B00A462-D8AF-43AF-91DC-DDC3DCF58B44;350RL;20060
2;Grilles;1006;300/350 Grilles ;1113;300/350 Return Grilles;19;"Steel return grille, 3/4"" blade spacing, 35 degree deflection, blades parallel to long dimension.";4B00A462-D8AF-43AF-91DC-DDC3DCF58B44;350RL;20061
2;Grilles;1006;300/350 Grilles ;1113;300/350 Return Grilles;19;"Steel return grille, 3/4"" blade spacing, 35 degree deflection, blades parallel to long dimension.";4B00A462-D8AF-43AF-91DC-DDC3DCF58B44;350RL;20062
2;Grilles;1006;300/350 Grilles ;1113;300/350 Return Grilles;19;"Steel return grille, 3/4"" blade spacing, 35 degree deflection, blades parallel to long dimension.";4B00A462-D8AF-43AF-91DC-DDC3DCF58B44;350RL;20063
2;Grilles;1006;300/350 Grilles ;1113;300/350 Return Grilles;19;"Steel return grille, 3/4"" blade spacing, 35 degree deflection, blades parallel to long dimension.";4B00A462-D8AF-43AF-91DC-DDC3DCF58B44;350RL;20064
2;Grilles;1006;300/350 Grilles ;1113;300/350 Return Grilles;19;"Steel return grille, 3/4"" blade spacing, 35 degree deflection, blades parallel to long dimension.";4B00A462-D8AF-43AF-91DC-DDC3DCF58B44;350RL;20065
2;Grilles;1006;300/350 Grilles ;1114;300/350 Supply Grilles;20;"Aluminum double deflection supply grille, 3/4"" blade spacing, front blades parallel to short dimension.";924E44F7-8BC6-4396-90C8-55DCABECB158;300FS;20001
2;Grilles;1006;300/350 Grilles ;1114;300/350 Supply Grilles;20;"Aluminum double deflection supply grille, 3/4"" blade spacing, front blades parallel to short dimension.";924E44F7-8BC6-4396-90C8-55DCABECB158;300FS;20002
2;Grilles;1006;300/350 Grilles ;1114;300/350 Supply Grilles;20;"Aluminum double deflection supply grille, 3/4"" blade spacing, front blades parallel to short dimension.";924E44F7-8BC6-4396-90C8-55DCABECB158;300FS;20003
2;Grilles;1006;300/350 Grilles ;1114;300/350 Supply Grilles;20;"Aluminum double deflection supply grille, 3/4"" blade spacing, front blades parallel to short dimension.";924E44F7-8BC6-4396-90C8-55DCABECB158;300FS;20004
2;Grilles;1006;300/350 Grilles ;1114;300/350 Supply Grilles;20;"Aluminum double deflection supply grille, 3/4"" blade spacing, front blades parallel to short dimension.";924E44F7-8BC6-4396-90C8-55DCABECB158;300FS;20005
2;Grilles;1006;300/350 Grilles ;1114;300/350 Supply Grilles;20;"Aluminum double deflection supply grille, 3/4"" blade spacing, front blades parallel to short dimension.";924E44F7-8BC6-4396-90C8-55DCABECB158;300FS;20006
2;Grilles;1006;300/350 Grilles ;1114;300/350 Supply Grilles;20;"Aluminum double deflection supply grille, 3/4"" blade spacing, front blades parallel to short dimension.";924E44F7-8BC6-4396-90C8-55DCABECB158;300FS;20007
2;Grilles;1006;300/350 Grilles ;1114;300/350 Supply Grilles;20;"Aluminum double deflection supply grille, 3/4"" blade spacing, front blades parallel to short dimension.";924E44F7-8BC6-4396-90C8-55DCABECB158;300FS;20008
2;Grilles;1006;300/350 Grilles ;1114;300/350 Supply Grilles;20;"Aluminum double deflection supply grille, 3/4"" blade spacing, front blades parallel to short dimension.";924E44F7-8BC6-4396-90C8-55DCABECB158;300FS;20009
2;Grilles;1006;300/350 Grilles ;1114;300/350 Supply Grilles;20;"Aluminum double deflection supply grille, 3/4"" blade spacing, front blades parallel to short dimension.";924E44F7-8BC6-4396-90C8-55DCABECB158;300FS;20010
2;Grilles;1006;300/350 Grilles ;1114;300/350 Supply Grilles;20;"Aluminum double deflection supply grille, 3/4"" blade spacing, front blades parallel to short dimension.";924E44F7-8BC6-4396-90C8-55DCABECB158;300FS;20011
2;Grilles;1006;300/350 Grilles ;1114;300/350 Supply Grilles;20;"Aluminum double deflection supply grille, 3/4"" blade spacing, front blades parallel to short dimension.";924E44F7-8BC6-4396-90C8-55DCABECB158;300FS;20012
2;Grilles;1006;300/350 Grilles ;1114;300/350 Supply Grilles;20;"Aluminum double deflection supply grille, 3/4"" blade spacing, front blades parallel to short dimension.";924E44F7-8BC6-4396-90C8-55DCABECB158;300FS;20013
2;Grilles;1006;300/350 Grilles ;1114;300/350 Supply Grilles;20;"Aluminum double deflection supply grille, 3/4"" blade spacing, front blades parallel to short dimension.";924E44F7-8BC6-4396-90C8-55DCABECB158;300FS;20014
2;Grilles;1006;300/350 Grilles ;1114;300/350 Supply Grilles;20;"Aluminum double deflection supply grille, 3/4"" blade spacing, front blades parallel to short dimension.";924E44F7-8BC6-4396-90C8-55DCABECB158;300FS;20015
2;Grilles;1006;300/350 Grilles ;1114;300/350 Supply Grilles;20;"Aluminum double deflection supply grille, 3/4"" blade spacing, front blades parallel to short dimension.";924E44F7-8BC6-4396-90C8-55DCABECB158;300FS;20016
2;Grilles;1006;300/350 Grilles ;1114;300/350 Supply Grilles;20;"Aluminum double deflection supply grille, 3/4"" blade spacing, front blades parallel to short dimension.";E3913C1B-F29F-4FA9-B4A5-AFB655DACEB7;300FS;20001
2;Grilles;1006;300/350 Grilles ;1114;300/350 Supply Grilles;20;"Aluminum double deflection supply grille, 3/4"" blade spacing, front blades parallel to short dimension.";E3913C1B-F29F-4FA9-B4A5-AFB655DACEB7;300FS;20002
2;Grilles;1006;300/350 Grilles ;1114;300/350 Supply Grilles;20;"Aluminum double deflection supply grille, 3/4"" blade spacing, front blades parallel to short dimension.";E3913C1B-F29F-4FA9-B4A5-AFB655DACEB7;300FS;20003
2;Grilles;1006;300/350 Grilles ;1114;300/350 Supply Grilles;20;"Aluminum double deflection supply grille, 3/4"" blade spacing, front blades parallel to short dimension.";E3913C1B-F29F-4FA9-B4A5-AFB655DACEB7;300FS;20004
2;Grilles;1006;300/350 Grilles ;1114;300/350 Supply Grilles;20;"Aluminum double deflection supply grille, 3/4"" blade spacing, front blades parallel to short dimension.";E3913C1B-F29F-4FA9-B4A5-AFB655DACEB7;300FS;20005
2;Grilles;1006;300/350 Grilles ;1114;300/350 Supply Grilles;20;"Aluminum double deflection supply grille, 3/4"" blade spacing, front blades parallel to short dimension.";E3913C1B-F29F-4FA9-B4A5-AFB655DACEB7;300FS;20006
2;Grilles;1006;300/350 Grilles ;1114;300/350 Supply Grilles;20;"Aluminum double deflection supply grille, 3/4"" blade spacing, front blades parallel to short dimension.";E3913C1B-F29F-4FA9-B4A5-AFB655DACEB7;300FS;20007
2;Grilles;1006;300/350 Grilles ;1114;300/350 Supply Grilles;20;"Aluminum double deflection supply grille, 3/4"" blade spacing, front blades parallel to short dimension.";E3913C1B-F29F-4FA9-B4A5-AFB655DACEB7;300FS;20008
2;Grilles;1006;300/350 Grilles ;1114;300/350 Supply Grilles;20;"Aluminum double deflection supply grille, 3/4"" blade spacing, front blades parallel to short dimension.";E3913C1B-F29F-4FA9-B4A5-AFB655DACEB7;300FS;20009
2;Grilles;1006;300/350 Grilles ;1114;300/350 Supply Grilles;20;"Aluminum double deflection supply grille, 3/4"" blade spacing, front blades parallel to short dimension.";E3913C1B-F29F-4FA9-B4A5-AFB655DACEB7;300FS;20010
2;Grilles;1006;300/350 Grilles ;1114;300/350 Supply Grilles;20;"Aluminum double deflection supply grille, 3/4"" blade spacing, front blades parallel to short dimension.";E3913C1B-F29F-4FA9-B4A5-AFB655DACEB7;300FS;20011
2;Grilles;1006;300/350 Grilles ;1114;300/350 Supply Grilles;20;"Aluminum double deflection supply grille, 3/4"" blade spacing, front blades parallel to short dimension.";E3913C1B-F29F-4FA9-B4A5-AFB655DACEB7;300FS;20012
2;Grilles;1006;300/350 Grilles ;1114;300/350 Supply Grilles;20;"Aluminum double deflection supply grille, 3/4"" blade spacing, front blades parallel to short dimension.";E3913C1B-F29F-4FA9-B4A5-AFB655DACEB7;300FS;20013
2;Grilles;1006;300/350 Grilles ;1114;300/350 Supply Grilles;20;"Aluminum double deflection supply grille, 3/4"" blade spacing, front blades parallel to short dimension.";E3913C1B-F29F-4FA9-B4A5-AFB655DACEB7;300FS;20014
2;Grilles;1006;300/350 Grilles ;1114;300/350 Supply Grilles;20;"Aluminum double deflection supply grille, 3/4"" blade spacing, front blades parallel to short dimension.";E3913C1B-F29F-4FA9-B4A5-AFB655DACEB7;300FS;20015
2;Grilles;1006;300/350 Grilles ;1114;300/350 Supply Grilles;20;"Aluminum double deflection supply grille, 3/4"" blade spacing, front blades parallel to short dimension.";E3913C1B-F29F-4FA9-B4A5-AFB655DACEB7;300FS;20016
2;Grilles;1006;300/350 Grilles ;1114;300/350 Supply Grilles;21;"Steel double deflection supply grille, 3/4"" blade spacing, front blades parallel to short dimension.";C8118458-B8F0-40C1-A659-25BDBD6E8A43;300RS;20017
2;Grilles;1006;300/350 Grilles ;1114;300/350 Supply Grilles;21;"Steel double deflection supply grille, 3/4"" blade spacing, front blades parallel to short dimension.";C8118458-B8F0-40C1-A659-25BDBD6E8A43;300RS;20018
2;Grilles;1006;300/350 Grilles ;1114;300/350 Supply Grilles;21;"Steel double deflection supply grille, 3/4"" blade spacing, front blades parallel to short dimension.";C8118458-B8F0-40C1-A659-25BDBD6E8A43;300RS;20019
2;Grilles;1006;300/350 Grilles ;1114;300/350 Supply Grilles;21;"Steel double deflection supply grille, 3/4"" blade spacing, front blades parallel to short dimension.";C8118458-B8F0-40C1-A659-25BDBD6E8A43;300RS;20020
2;Grilles;1006;300/350 Grilles ;1114;300/350 Supply Grilles;21;"Steel double deflection supply grille, 3/4"" blade spacing, front blades parallel to short dimension.";C8118458-B8F0-40C1-A659-25BDBD6E8A43;300RS;20021
2;Grilles;1006;300/350 Grilles ;1114;300/350 Supply Grilles;21;"Steel double deflection supply grille, 3/4"" blade spacing, front blades parallel to short dimension.";C8118458-B8F0-40C1-A659-25BDBD6E8A43;300RS;20022
2;Grilles;1006;300/350 Grilles ;1114;300/350 Supply Grilles;21;"Steel double deflection supply grille, 3/4"" blade spacing, front blades parallel to short dimension.";C8118458-B8F0-40C1-A659-25BDBD6E8A43;300RS;20023
2;Grilles;1006;300/350 Grilles ;1114;300/350 Supply Grilles;21;"Steel double deflection supply grille, 3/4"" blade spacing, front blades parallel to short dimension.";C8118458-B8F0-40C1-A659-25BDBD6E8A43;300RS;20024
2;Grilles;1006;300/350 Grilles ;1114;300/350 Supply Grilles;21;"Steel double deflection supply grille, 3/4"" blade spacing, front blades parallel to short dimension.";C8118458-B8F0-40C1-A659-25BDBD6E8A43;300RS;20025
2;Grilles;1006;300/350 Grilles ;1114;300/350 Supply Grilles;21;"Steel double deflection supply grille, 3/4"" blade spacing, front blades parallel to short dimension.";C8118458-B8F0-40C1-A659-25BDBD6E8A43;300RS;20026
2;Grilles;1006;300/350 Grilles ;1114;300/350 Supply Grilles;21;"Steel double deflection supply grille, 3/4"" blade spacing, front blades parallel to short dimension.";C8118458-B8F0-40C1-A659-25BDBD6E8A43;300RS;20027
2;Grilles;1006;300/350 Grilles ;1114;300/350 Supply Grilles;21;"Steel double deflection supply grille, 3/4"" blade spacing, front blades parallel to short dimension.";C8118458-B8F0-40C1-A659-25BDBD6E8A43;300RS;20028
2;Grilles;1006;300/350 Grilles ;1114;300/350 Supply Grilles;21;"Steel double deflection supply grille, 3/4"" blade spacing, front blades parallel to short dimension.";C8118458-B8F0-40C1-A659-25BDBD6E8A43;300RS;20029
2;Grilles;1006;300/350 Grilles ;1114;300/350 Supply Grilles;21;"Steel double deflection supply grille, 3/4"" blade spacing, front blades parallel to short dimension.";C8118458-B8F0-40C1-A659-25BDBD6E8A43;300RS;20030
2;Grilles;1006;300/350 Grilles ;1114;300/350 Supply Grilles;21;"Steel double deflection supply grille, 3/4"" blade spacing, front blades parallel to short dimension.";C8118458-B8F0-40C1-A659-25BDBD6E8A43;300RS;20031
2;Grilles;1006;300/350 Grilles ;1114;300/350 Supply Grilles;21;"Steel double deflection supply grille, 3/4"" blade spacing, front blades parallel to short dimension.";C8118458-B8F0-40C1-A659-25BDBD6E8A43;300RS;20032
2;Grilles;1006;300/350 Grilles ;1114;300/350 Supply Grilles;21;"Steel double deflection supply grille, 3/4"" blade spacing, front blades parallel to short dimension.";C8118458-B8F0-40C1-A659-25BDBD6E8A43;300RS;20033
2;Grilles;1006;300/350 Grilles ;1114;300/350 Supply Grilles;21;"Steel double deflection supply grille, 3/4"" blade spacing, front blades parallel to short dimension.";C8118458-B8F0-40C1-A659-25BDBD6E8A43;300RS;20034
2;Grilles;1006;300/350 Grilles ;1114;300/350 Supply Grilles;21;"Steel double deflection supply grille, 3/4"" blade spacing, front blades parallel to short dimension.";C8118458-B8F0-40C1-A659-25BDBD6E8A43;300RS;20035
2;Grilles;1006;300/350 Grilles ;1114;300/350 Supply Grilles;21;"Steel double deflection supply grille, 3/4"" blade spacing, front blades parallel to short dimension.";C8118458-B8F0-40C1-A659-25BDBD6E8A43;300RS;20036
2;Grilles;1006;300/350 Grilles ;1114;300/350 Supply Grilles;21;"Steel double deflection supply grille, 3/4"" blade spacing, front blades parallel to short dimension.";C8118458-B8F0-40C1-A659-25BDBD6E8A43;300RS;20037
2;Grilles;1006;300/350 Grilles ;1114;300/350 Supply Grilles;21;"Steel double deflection supply grille, 3/4"" blade spacing, front blades parallel to short dimension.";C8118458-B8F0-40C1-A659-25BDBD6E8A43;300RS;20038
2;Grilles;1006;300/350 Grilles ;1114;300/350 Supply Grilles;21;"Steel double deflection supply grille, 3/4"" blade spacing, front blades parallel to short dimension.";C8118458-B8F0-40C1-A659-25BDBD6E8A43;300RS;20039
2;Grilles;1006;300/350 Grilles ;1114;300/350 Supply Grilles;21;"Steel double deflection supply grille, 3/4"" blade spacing, front blades parallel to short dimension.";C8118458-B8F0-40C1-A659-25BDBD6E8A43;300RS;20040
2;Grilles;1006;300/350 Grilles ;1114;300/350 Supply Grilles;21;"Steel double deflection supply grille, 3/4"" blade spacing, front blades parallel to short dimension.";C8118458-B8F0-40C1-A659-25BDBD6E8A43;300RS;20041
2;Grilles;1006;300/350 Grilles ;1114;300/350 Supply Grilles;21;"Steel double deflection supply grille, 3/4"" blade spacing, front blades parallel to short dimension.";C8118458-B8F0-40C1-A659-25BDBD6E8A43;300RS;20042
2;Grilles;1006;300/350 Grilles ;1114;300/350 Supply Grilles;21;"Steel double deflection supply grille, 3/4"" blade spacing, front blades parallel to short dimension.";C8118458-B8F0-40C1-A659-25BDBD6E8A43;300RS;20043
2;Grilles;1006;300/350 Grilles ;1114;300/350 Supply Grilles;21;"Steel double deflection supply grille, 3/4"" blade spacing, front blades parallel to short dimension.";FE4A2933-BFD8-414C-9491-A63553A1F3F4;300RS;20017
2;Grilles;1006;300/350 Grilles ;1114;300/350 Supply Grilles;21;"Steel double deflection supply grille, 3/4"" blade spacing, front blades parallel to short dimension.";FE4A2933-BFD8-414C-9491-A63553A1F3F4;300RS;20018
2;Grilles;1006;300/350 Grilles ;1114;300/350 Supply Grilles;21;"Steel double deflection supply grille, 3/4"" blade spacing, front blades parallel to short dimension.";FE4A2933-BFD8-414C-9491-A63553A1F3F4;300RS;20019
2;Grilles;1006;300/350 Grilles ;1114;300/350 Supply Grilles;21;"Steel double deflection supply grille, 3/4"" blade spacing, front blades parallel to short dimension.";FE4A2933-BFD8-414C-9491-A63553A1F3F4;300RS;20020
2;Grilles;1006;300/350 Grilles ;1114;300/350 Supply Grilles;21;"Steel double deflection supply grille, 3/4"" blade spacing, front blades parallel to short dimension.";FE4A2933-BFD8-414C-9491-A63553A1F3F4;300RS;20021
2;Grilles;1006;300/350 Grilles ;1114;300/350 Supply Grilles;21;"Steel double deflection supply grille, 3/4"" blade spacing, front blades parallel to short dimension.";FE4A2933-BFD8-414C-9491-A63553A1F3F4;300RS;20022
2;Grilles;1006;300/350 Grilles ;1114;300/350 Supply Grilles;21;"Steel double deflection supply grille, 3/4"" blade spacing, front blades parallel to short dimension.";FE4A2933-BFD8-414C-9491-A63553A1F3F4;300RS;20023
2;Grilles;1006;300/350 Grilles ;1114;300/350 Supply Grilles;21;"Steel double deflection supply grille, 3/4"" blade spacing, front blades parallel to short dimension.";FE4A2933-BFD8-414C-9491-A63553A1F3F4;300RS;20024
2;Grilles;1006;300/350 Grilles ;1114;300/350 Supply Grilles;21;"Steel double deflection supply grille, 3/4"" blade spacing, front blades parallel to short dimension.";FE4A2933-BFD8-414C-9491-A63553A1F3F4;300RS;20025
2;Grilles;1006;300/350 Grilles ;1114;300/350 Supply Grilles;21;"Steel double deflection supply grille, 3/4"" blade spacing, front blades parallel to short dimension.";FE4A2933-BFD8-414C-9491-A63553A1F3F4;300RS;20026
2;Grilles;1006;300/350 Grilles ;1114;300/350 Supply Grilles;21;"Steel double deflection supply grille, 3/4"" blade spacing, front blades parallel to short dimension.";FE4A2933-BFD8-414C-9491-A63553A1F3F4;300RS;20027
2;Grilles;1006;300/350 Grilles ;1114;300/350 Supply Grilles;21;"Steel double deflection supply grille, 3/4"" blade spacing, front blades parallel to short dimension.";FE4A2933-BFD8-414C-9491-A63553A1F3F4;300RS;20028
2;Grilles;1006;300/350 Grilles ;1114;300/350 Supply Grilles;21;"Steel double deflection supply grille, 3/4"" blade spacing, front blades parallel to short dimension.";FE4A2933-BFD8-414C-9491-A63553A1F3F4;300RS;20029
2;Grilles;1006;300/350 Grilles ;1114;300/350 Supply Grilles;21;"Steel double deflection supply grille, 3/4"" blade spacing, front blades parallel to short dimension.";FE4A2933-BFD8-414C-9491-A63553A1F3F4;300RS;20030
2;Grilles;1006;300/350 Grilles ;1114;300/350 Supply Grilles;21;"Steel double deflection supply grille, 3/4"" blade spacing, front blades parallel to short dimension.";FE4A2933-BFD8-414C-9491-A63553A1F3F4;300RS;20031
2;Grilles;1006;300/350 Grilles ;1114;300/350 Supply Grilles;21;"Steel double deflection supply grille, 3/4"" blade spacing, front blades parallel to short dimension.";FE4A2933-BFD8-414C-9491-A63553A1F3F4;300RS;20032
2;Grilles;1006;300/350 Grilles ;1114;300/350 Supply Grilles;21;"Steel double deflection supply grille, 3/4"" blade spacing, front blades parallel to short dimension.";FE4A2933-BFD8-414C-9491-A63553A1F3F4;300RS;20033
2;Grilles;1006;300/350 Grilles ;1114;300/350 Supply Grilles;21;"Steel double deflection supply grille, 3/4"" blade spacing, front blades parallel to short dimension.";FE4A2933-BFD8-414C-9491-A63553A1F3F4;300RS;20034
2;Grilles;1006;300/350 Grilles ;1114;300/350 Supply Grilles;21;"Steel double deflection supply grille, 3/4"" blade spacing, front blades parallel to short dimension.";FE4A2933-BFD8-414C-9491-A63553A1F3F4;300RS;20035
2;Grilles;1006;300/350 Grilles ;1114;300/350 Supply Grilles;21;"Steel double deflection supply grille, 3/4"" blade spacing, front blades parallel to short dimension.";FE4A2933-BFD8-414C-9491-A63553A1F3F4;300RS;20036
2;Grilles;1006;300/350 Grilles ;1114;300/350 Supply Grilles;21;"Steel double deflection supply grille, 3/4"" blade spacing, front blades parallel to short dimension.";FE4A2933-BFD8-414C-9491-A63553A1F3F4;300RS;20037
2;Grilles;1006;300/350 Grilles ;1114;300/350 Supply Grilles;21;"Steel double deflection supply grille, 3/4"" blade spacing, front blades parallel to short dimension.";FE4A2933-BFD8-414C-9491-A63553A1F3F4;300RS;20038
2;Grilles;1006;300/350 Grilles ;1114;300/350 Supply Grilles;21;"Steel double deflection supply grille, 3/4"" blade spacing, front blades parallel to short dimension.";FE4A2933-BFD8-414C-9491-A63553A1F3F4;300RS;20039
2;Grilles;1006;300/350 Grilles ;1114;300/350 Supply Grilles;21;"Steel double deflection supply grille, 3/4"" blade spacing, front blades parallel to short dimension.";FE4A2933-BFD8-414C-9491-A63553A1F3F4;300RS;20040
2;Grilles;1006;300/350 Grilles ;1114;300/350 Supply Grilles;21;"Steel double deflection supply grille, 3/4"" blade spacing, front blades parallel to short dimension.";FE4A2933-BFD8-414C-9491-A63553A1F3F4;300RS;20041
2;Grilles;1006;300/350 Grilles ;1114;300/350 Supply Grilles;21;"Steel double deflection supply grille, 3/4"" blade spacing, front blades parallel to short dimension.";FE4A2933-BFD8-414C-9491-A63553A1F3F4;300RS;20042
2;Grilles;1006;300/350 Grilles ;1114;300/350 Supply Grilles;21;"Steel double deflection supply grille, 3/4"" blade spacing, front blades parallel to short dimension.";FE4A2933-BFD8-414C-9491-A63553A1F3F4;300RS;20043
2;Grilles;1007;Grille & Diffuser Accessories;1115;Mounting Frames;22;Aluminum rapid mount frame/plaster frame.;81B6BFB7-E1C2-428D-864B-CAF6B9446179;TRM;10016
2;Grilles;1007;Grille & Diffuser Accessories;1115;Mounting Frames;22;Aluminum rapid mount frame/plaster frame.;81B6BFB7-E1C2-428D-864B-CAF6B9446179;TRM;10017
2;Grilles;1007;Grille & Diffuser Accessories;1115;Mounting Frames;22;Aluminum rapid mount frame/plaster frame.;81B6BFB7-E1C2-428D-864B-CAF6B9446179;TRM;10018
2;Grilles;1007;Grille & Diffuser Accessories;1115;Mounting Frames;22;Aluminum rapid mount frame/plaster frame.;81B6BFB7-E1C2-428D-864B-CAF6B9446179;TRM;10019
2;Grilles;1007;Grille & Diffuser Accessories;1115;Mounting Frames;22;Aluminum rapid mount frame/plaster frame.;C784599C-D28A-4678-8372-EF0842A38DB1;TRM;10016
2;Grilles;1007;Grille & Diffuser Accessories;1115;Mounting Frames;22;Aluminum rapid mount frame/plaster frame.;C784599C-D28A-4678-8372-EF0842A38DB1;TRM;10017
2;Grilles;1007;Grille & Diffuser Accessories;1115;Mounting Frames;22;Aluminum rapid mount frame/plaster frame.;C784599C-D28A-4678-8372-EF0842A38DB1;TRM;10018
2;Grilles;1007;Grille & Diffuser Accessories;1115;Mounting Frames;22;Aluminum rapid mount frame/plaster frame.;C784599C-D28A-4678-8372-EF0842A38DB1;TRM;10019
2;Grilles;1008;Specialized Grilles ;1116;Eggcrate Grille;23;Aluminum eggcrate filter grille.;62A56A65-593E-4E85-9DC3-CDE0468F14DA;50FF;20094
2;Grilles;1008;Specialized Grilles ;1116;Eggcrate Grille;23;Aluminum eggcrate filter grille.;9AD36651-BF09-4983-BF15-E836DECCBFFF;50FF;20094
2;Grilles;1008;Specialized Grilles ;1116;Eggcrate Grille;24;Aluminum eggcrate return, aluminum border and grid.;7F1F46B3-44B1-4C78-A521-6B37B6EDD1FC;50F;20080
2;Grilles;1008;Specialized Grilles ;1116;Eggcrate Grille;24;Aluminum eggcrate return, aluminum border and grid.;7F1F46B3-44B1-4C78-A521-6B37B6EDD1FC;50F;20081
2;Grilles;1008;Specialized Grilles ;1116;Eggcrate Grille;24;Aluminum eggcrate return, aluminum border and grid.;7F1F46B3-44B1-4C78-A521-6B37B6EDD1FC;50F;20082
2;Grilles;1008;Specialized Grilles ;1116;Eggcrate Grille;24;Aluminum eggcrate return, aluminum border and grid.;7F1F46B3-44B1-4C78-A521-6B37B6EDD1FC;50F;20083
2;Grilles;1008;Specialized Grilles ;1116;Eggcrate Grille;24;Aluminum eggcrate return, aluminum border and grid.;7F1F46B3-44B1-4C78-A521-6B37B6EDD1FC;50F;20084
2;Grilles;1008;Specialized Grilles ;1116;Eggcrate Grille;24;Aluminum eggcrate return, aluminum border and grid.;7F1F46B3-44B1-4C78-A521-6B37B6EDD1FC;50F;20085
2;Grilles;1008;Specialized Grilles ;1116;Eggcrate Grille;24;Aluminum eggcrate return, aluminum border and grid.;7F1F46B3-44B1-4C78-A521-6B37B6EDD1FC;50F;20086
2;Grilles;1008;Specialized Grilles ;1116;Eggcrate Grille;24;Aluminum eggcrate return, aluminum border and grid.;7F1F46B3-44B1-4C78-A521-6B37B6EDD1FC;50F;20087
2;Grilles;1008;Specialized Grilles ;1116;Eggcrate Grille;24;Aluminum eggcrate return, aluminum border and grid.;7F1F46B3-44B1-4C78-A521-6B37B6EDD1FC;50F;20088
2;Grilles;1008;Specialized Grilles ;1116;Eggcrate Grille;24;Aluminum eggcrate return, aluminum border and grid.;7F1F46B3-44B1-4C78-A521-6B37B6EDD1FC;50F;20089
2;Grilles;1008;Specialized Grilles ;1116;Eggcrate Grille;24;Aluminum eggcrate return, aluminum border and grid.;7F1F46B3-44B1-4C78-A521-6B37B6EDD1FC;50F;20090
2;Grilles;1008;Specialized Grilles ;1116;Eggcrate Grille;24;Aluminum eggcrate return, aluminum border and grid.;7F1F46B3-44B1-4C78-A521-6B37B6EDD1FC;50F;20091
2;Grilles;1008;Specialized Grilles ;1116;Eggcrate Grille;24;Aluminum eggcrate return, aluminum border and grid.;7F1F46B3-44B1-4C78-A521-6B37B6EDD1FC;50F;20092
2;Grilles;1008;Specialized Grilles ;1116;Eggcrate Grille;24;Aluminum eggcrate return, aluminum border and grid.;7F1F46B3-44B1-4C78-A521-6B37B6EDD1FC;50F;20093
2;Grilles;1008;Specialized Grilles ;1116;Eggcrate Grille;24;Aluminum eggcrate return, aluminum border and grid.;7F1F46B3-44B1-4C78-A521-6B37B6EDD1FC;50F;20105
2;Grilles;1008;Specialized Grilles ;1116;Eggcrate Grille;24;Aluminum eggcrate return, aluminum border and grid.;7F1F46B3-44B1-4C78-A521-6B37B6EDD1FC;50F;20106
2;Grilles;1008;Specialized Grilles ;1116;Eggcrate Grille;24;Aluminum eggcrate return, aluminum border and grid.;CD86A2D0-3C13-493E-8049-4B31229D1CE1;50F;20080
2;Grilles;1008;Specialized Grilles ;1116;Eggcrate Grille;24;Aluminum eggcrate return, aluminum border and grid.;CD86A2D0-3C13-493E-8049-4B31229D1CE1;50F;20081
2;Grilles;1008;Specialized Grilles ;1116;Eggcrate Grille;24;Aluminum eggcrate return, aluminum border and grid.;CD86A2D0-3C13-493E-8049-4B31229D1CE1;50F;20082
2;Grilles;1008;Specialized Grilles ;1116;Eggcrate Grille;24;Aluminum eggcrate return, aluminum border and grid.;CD86A2D0-3C13-493E-8049-4B31229D1CE1;50F;20083
2;Grilles;1008;Specialized Grilles ;1116;Eggcrate Grille;24;Aluminum eggcrate return, aluminum border and grid.;CD86A2D0-3C13-493E-8049-4B31229D1CE1;50F;20084
2;Grilles;1008;Specialized Grilles ;1116;Eggcrate Grille;24;Aluminum eggcrate return, aluminum border and grid.;CD86A2D0-3C13-493E-8049-4B31229D1CE1;50F;20085
2;Grilles;1008;Specialized Grilles ;1116;Eggcrate Grille;24;Aluminum eggcrate return, aluminum border and grid.;CD86A2D0-3C13-493E-8049-4B31229D1CE1;50F;20086
2;Grilles;1008;Specialized Grilles ;1116;Eggcrate Grille;24;Aluminum eggcrate return, aluminum border and grid.;CD86A2D0-3C13-493E-8049-4B31229D1CE1;50F;20087
2;Grilles;1008;Specialized Grilles ;1116;Eggcrate Grille;24;Aluminum eggcrate return, aluminum border and grid.;CD86A2D0-3C13-493E-8049-4B31229D1CE1;50F;20088
2;Grilles;1008;Specialized Grilles ;1116;Eggcrate Grille;24;Aluminum eggcrate return, aluminum border and grid.;CD86A2D0-3C13-493E-8049-4B31229D1CE1;50F;20089
2;Grilles;1008;Specialized Grilles ;1116;Eggcrate Grille;24;Aluminum eggcrate return, aluminum border and grid.;CD86A2D0-3C13-493E-8049-4B31229D1CE1;50F;20090
2;Grilles;1008;Specialized Grilles ;1116;Eggcrate Grille;24;Aluminum eggcrate return, aluminum border and grid.;CD86A2D0-3C13-493E-8049-4B31229D1CE1;50F;20091
2;Grilles;1008;Specialized Grilles ;1116;Eggcrate Grille;24;Aluminum eggcrate return, aluminum border and grid.;CD86A2D0-3C13-493E-8049-4B31229D1CE1;50F;20092
2;Grilles;1008;Specialized Grilles ;1116;Eggcrate Grille;24;Aluminum eggcrate return, aluminum border and grid.;CD86A2D0-3C13-493E-8049-4B31229D1CE1;50F;20093
2;Grilles;1008;Specialized Grilles ;1116;Eggcrate Grille;24;Aluminum eggcrate return, aluminum border and grid.;CD86A2D0-3C13-493E-8049-4B31229D1CE1;50F;20105
2;Grilles;1008;Specialized Grilles ;1116;Eggcrate Grille;24;Aluminum eggcrate return, aluminum border and grid.;CD86A2D0-3C13-493E-8049-4B31229D1CE1;50F;20106
3;Terminal Units;1009;Single / Dual Duct Terminals;1117;Single Duct Terminals;25;Digital single duct terminal.;2E6899E3-8280-4CC4-ADE0-D79F220F6E8E;DESV;40001
3;Terminal Units;1009;Single / Dual Duct Terminals;1117;Single Duct Terminals;25;Digital single duct terminal.;2E6899E3-8280-4CC4-ADE0-D79F220F6E8E;DESV;40002
3;Terminal Units;1009;Single / Dual Duct Terminals;1117;Single Duct Terminals;25;Digital single duct terminal.;2E6899E3-8280-4CC4-ADE0-D79F220F6E8E;DESV;40003
3;Terminal Units;1009;Single / Dual Duct Terminals;1117;Single Duct Terminals;25;Digital single duct terminal.;2E6899E3-8280-4CC4-ADE0-D79F220F6E8E;DESV;40004
3;Terminal Units;1009;Single / Dual Duct Terminals;1117;Single Duct Terminals;25;Digital single duct terminal.;2E6899E3-8280-4CC4-ADE0-D79F220F6E8E;DESV;40005
3;Terminal Units;1009;Single / Dual Duct Terminals;1117;Single Duct Terminals;25;Digital single duct terminal.;2E6899E3-8280-4CC4-ADE0-D79F220F6E8E;DESV;40006
3;Terminal Units;1009;Single / Dual Duct Terminals;1117;Single Duct Terminals;25;Digital single duct terminal.;2E6899E3-8280-4CC4-ADE0-D79F220F6E8E;DESV;40007
3;Terminal Units;1009;Single / Dual Duct Terminals;1117;Single Duct Terminals;25;Digital single duct terminal.;2E6899E3-8280-4CC4-ADE0-D79F220F6E8E;DESV;40008
3;Terminal Units;1009;Single / Dual Duct Terminals;1117;Single Duct Terminals;25;Digital single duct terminal.;2E6899E3-8280-4CC4-ADE0-D79F220F6E8E;DESV;40009
